location,method,Trait,gen.var,error.var,phen.var,h2std,H2.Estimate,H2.SE,H2Cullis,Reptability
2022SWCIMMYT_EDPIE,Block,Test_weight,270.882,137.087,339.425,0.798,0.663976703,0.046521995,0.893660635,0.78732127
2022SWCIMMYT_EDPIE,Block+Spatial,Test_weight,272.182,117.775,331.069,0.822,0.738070872,0.130833146,0.897237388,0.794474776
2022SWCIMMYT_EDPIE,Block,Plant_height,1.955,1.223,2.566,0.762,0.615124005,0.051856728,0.875047917,0.750095835
2022SWCIMMYT_EDPIE,Block+Spatial,Plant_height,1.929,1.144,2.501,0.771,0.808393766,0.168195785,0.87413748,0.748274959
2022SWCIMMYT_EDPIE,Block,Grain_Yield,17222.677,17026.804,25736.079,0.669,0.502859498,0.062688203,0.827787307,0.655574614
2022SWCIMMYT_EDPIE,Block+Spatial,Grain_Yield,16462.508,13480.406,23202.711,0.71,0.451811803,0.117428294,0.830455195,0.660910391
2022WWALOI,Block,Test_weight,456.416,63.558,477.602,0.956,0.877766841,0.031490169,0.964630832,0.929261664
2022WWALOI,Block+Spatial,Test_weight,434.195,16.971,439.852,0.987,0.656214143,0.092909927,0.969831506,0.939663011
2022WWALOI,Block,Plant_height,4.007,6.693,6.238,0.642,0.374478159,0.102702401,0.809764646,0.619529291
2022WWALOI,Block+Spatial,Plant_height,4.171,5.399,5.971,0.699,0.426253178,0.278699947,0.818358458,0.636716915
2022WWALOI,Block,Grain_Yield,85580.524,62232.04,106324.537,0.805,0.57898004,0.085961996,0.887199688,0.774399375
2022WWALOI,Block+Spatial,Grain_Yield,75151.193,22363.437,82605.672,0.91,0.259560795,0.087686084,0.892903788,0.785807576
2022WWCKVD,Block,Test_weight,281.235,96.362,313.355,0.897,0.74480239,0.062811845,0.934500881,0.869001761
2022WWCKVD,Block+Spatial,Test_weight,292.473,50.73,309.383,0.945,0.578255738,0.123248823,0.94494958,0.88989916
2022WWCKVD,Block,Plant_height,4.029,1.773,4.62,0.872,0.694450614,0.07297564,0.919690002,0.839380005
2022WWCKVD,Block+Spatial,Plant_height,4.114,0.967,4.436,0.927,0.505865508,0.132206252,0.929393769,0.858787538
2022WWCKVD,Block,Grain_Yield,15117.706,47375.469,30909.529,0.489,0.241909713,0.114182587,0.730534668,0.461069337
2022WWCKVD,Block+Spatial,Grain_Yield,16575.366,26479.156,25401.752,0.653,0.155056343,0.083442582,0.766699379,0.533398758
2022WWPBCD,Block,Test_weight,539.844,181.523,630.605,0.856,0.748361898,0.045783404,0.920788834,0.841577668
2022WWPBCD,Block+Spatial,Test_weight,530.428,67.515,564.185,0.94,0.526161105,0.087375435,0.944863451,0.889726902
2022WWPBCD,Block,Plant_height,1.547,1.351,2.222,0.696,0.533899688,0.074866706,0.839777994,0.679555988
2022WWPBCD,Block+Spatial,Plant_height,1.311,0.807,1.714,0.765,0.261525808,0.075479042,0.837056989,0.674113977
2022WWPBCD,Block,Grain_Yield,28240.276,93466.886,74973.719,0.377,0.232034628,0.09968127,0.68180294,0.363605881
2022WWPBCD,Block+Spatial,Grain_Yield,28149.813,56263.56,56281.593,0.5,0.128695793,0.058358602,0.706060148,0.412120297
AYN_2021_FC,Block,Test_weight,0.446,2.573,3.019,0.148,0.147802781,0.128183724,0.584689215,0.169378429
AYN_2021_FC,Block+Spatial,Test_weight,0.407,1.555,1.962,0.208,0.072042502,0.053740566,0.597595764,0.195191527
AYN_2021_FC,Block,Plant_height,102.201,858.659,960.86,0.106,0.106363628,0.127796394,0.562221134,0.124442269
AYN_2021_FC,Block+Spatial,Plant_height,117.281,820.879,938.16,0.125,0.492542687,0.517768267,0.571145755,0.142291509
AYN_2021_FC,Block,Grain_Yield,14.034,75.036,89.07,0.158,0.157557981,0.127952683,0.589988479,0.179976958
AYN_2021_FC,Block+Spatial,Grain_Yield,18.732,42.604,61.336,0.305,0.134594486,0.0676346,0.643979718,0.287959436
AYN_2021_Jules,Block,Test_weight,0.623,1.484,2.108,0.296,0.295668911,0.118873659,0.66268721,0.32537442
AYN_2021_Jules,Block+Spatial,Test_weight,0.624,0.848,1.472,0.424,0.158079307,0.059255082,0.693734883,0.387469766
AYN_2021_Jules,Block,Plant_height,7.624,10.872,18.496,0.412,0.412204721,0.104643441,0.723836808,0.447673617
AYN_2021_Jules,Block+Spatial,Plant_height,7.624,10.872,18.496,0.412,1,0.435998411,0.723836839,0.447673678
AYN_2021_Jules,Block,Grain_Yield,12.014,17.807,29.821,0.403,0.402877866,0.107544242,0.716822616,0.433645232
AYN_2021_Jules,Block+Spatial,Grain_Yield,10.343,8.297,18.64,0.555,0.174530389,0.051626413,0.747443502,0.494887004
AYND1_2021_FC,Block,Test_weight,0.211,3.384,3.595,0.059,0.058678088,0.129602702,0.534540688,0.069081376
AYND1_2021_FC,Block+Spatial,Test_weight,1.67,0.674,2.344,0.712,0.171459847,0.042404775,0.805109869,0.610219739
AYND1_2021_FC,Block,Plant_height,384.72,334.351,719.071,0.535,0.535024252,0.089978818,0.78187539,0.563750779
AYND1_2021_FC,Block+Spatial,Plant_height,387.644,311.487,699.131,0.554,0.783379288,0.234052715,0.78444487,0.568889739
AYND1_2021_FC,Block,Grain_Yield,0,190.099,190.099,0,0,0.126889391,NA,NA
AYND1_2021_FC,Block+Spatial,Grain_Yield,28.789,40.769,69.558,0.414,0.037320335,0.016678319,0.665189938,0.330379877
AYND1_2021_Jules,Block,Test_weight,1.09,0.731,1.822,0.599,0.598557808,0.079833144,0.809275403,0.618550806
AYND1_2021_Jules,Block+Spatial,Test_weight,1.14,0.349,1.489,0.766,0.37886048,0.082630582,0.849926564,0.699853127
AYND1_2021_Jules,Block,Plant_height,17.635,10.76,28.395,0.621,0.621060463,0.074237062,0.823137848,0.646275696
AYND1_2021_Jules,Block+Spatial,Plant_height,17.602,10.851,28.454,0.619,1.017687618,0.259488305,0.822706819,0.645413639
AYND1_2021_Jules,Block,Grain_Yield,8.568,18.859,27.427,0.312,0.312386232,0.118469975,0.67026564,0.34053128
AYND1_2021_Jules,Block+Spatial,Grain_Yield,9.869,13.065,22.934,0.43,0.276324819,0.099655552,0.70534258,0.410685161
GP502_2022,Block,Test_weight,210.501,111.421,266.212,0.791,0.653887639,0.036432183,0.892884068,0.785768136
GP502_2022,Block+Spatial,Test_weight,210.572,53.215,237.179,0.888,0.43287919,0.060664366,0.928417725,0.85683545
GP502_2022,Block,Plant_height,50.678,28.066,64.711,0.783,0.643582448,0.037281622,0.889199083,0.778398166
GP502_2022,Block+Spatial,Plant_height,52.586,14.978,60.075,0.875,0.466154681,0.06537909,0.922309779,0.844619558
GP502_2022,Block,Grain_Yield,66912.784,661359.451,397592.51,0.168,0.091878807,0.062872287,0.583322101,0.166644202
GP502_2022,Block+Spatial,Grain_Yield,65845.051,650162.996,390926.549,0.168,0.497400301,0.399734444,0.582245113,0.164490226
GulfAtlantic_2022_WARVA,Block,Test_weight,278.485,25.903,291.436,0.956,0.914900162,0.021275168,0.969486576,0.938973153
GulfAtlantic_2022_WARVA,Block+Spatial,Test_weight,278.147,15.128,285.711,0.974,0.819145805,0.078545184,0.973817984,0.947635968
GulfAtlantic_2022_WARVA,Block,Plant_height,10.601,8.747,14.975,0.708,0.547935778,0.092320276,0.843090494,0.686180989
GulfAtlantic_2022_WARVA,Block+Spatial,Plant_height,10.907,7.596,14.706,0.742,0.633710184,0.246123433,0.850108203,0.700216405
GulfAtlantic_2022_WARVA,Block,Grain_Yield,410869.46,48555.974,435147.447,0.944,0.894311523,0.026299363,0.962519827,0.925039654
GulfAtlantic_2022_WARVA,Block+Spatial,Grain_Yield,363734.127,23783.527,375625.89,0.968,0.627449117,0.103018616,0.966917853,0.933835705
HRWElite_2022_BLAVA,Block,Test_weight,187.663,141.174,234.721,0.8,0.570686221,0.060955179,0.892895729,0.785791458
HRWElite_2022_BLAVA,Block+Spatial,Test_weight,187.952,130.091,231.316,0.813,0.756674321,0.189210548,0.893951471,0.787902942
HRWElite_2022_BLAVA,Block,Plant_height,48.118,20.646,55,0.875,0.699756572,0.047749636,0.930376233,0.860752467
HRWElite_2022_BLAVA,Block+Spatial,Plant_height,48.146,13.181,52.54,0.916,0.507242015,0.090930167,0.938756503,0.877513006
HRWElite_2022_BLAVA,Block,Grain_Yield,153326.956,158896.538,206292.469,0.743,0.491080777,0.067043794,0.864418211,0.728836423
HRWElite_2022_BLAVA,Block+Spatial,Grain_Yield,154037.867,154580.407,205564.669,0.749,0.881764672,0.29938287,0.865220223,0.730440446
HRWElite_2022_WARVA,Block,Test_weight,198.603,30.238,208.682,0.952,0.867863951,0.024027299,0.968470733,0.936941465
HRWElite_2022_WARVA,Block+Spatial,Test_weight,197.019,25.986,205.681,0.958,0.896477816,0.066629462,0.969019808,0.938039615
HRWElite_2022_WARVA,Block,Plant_height,37.684,6.246,39.766,0.948,0.857813177,0.025681273,0.966237218,0.932474435
HRWElite_2022_WARVA,Block+Spatial,Plant_height,37.533,3.219,38.606,0.972,0.708255907,0.070501789,0.972983887,0.945967774
HRWElite_2022_WARVA,Block,Grain_Yield,288845.116,56543.062,307692.803,0.939,0.836291263,0.029148851,0.96156674,0.92313348
HRWElite_2022_WARVA,Block+Spatial,Grain_Yield,283280.601,38961.911,296267.905,0.956,0.758256304,0.079497553,0.96490717,0.92981434
HRWObs_2022_BLAVA,Block,Test_weight,297.821,6.394,304.215,0.979,0.978981308,0.019870377,0.98398712,0.96797424
HRWObs_2022_BLAVA,Block+Spatial,Test_weight,271.276,12.382,283.658,0.956,1,0.283384216,0.972842278,0.945684555
HRWObs_2022_BLAVA,Block,Plant_height,30.665,10.639,41.304,0.742,0.742425918,0.171051752,0.864590659,0.729181318
HRWObs_2022_BLAVA,Block+Spatial,Plant_height,26.787,10.354,37.141,0.721,0.607869893,0.239227743,0.826287436,0.652574871
HRWObs_2022_BLAVA,Block,Grain_Yield,265607.618,68621.355,334228.973,0.795,0.794687593,0.133335885,0.890493343,0.780986686
HRWObs_2022_BLAVA,Block+Spatial,Grain_Yield,192336.008,116367.544,308703.552,0.623,0.773879786,0.397266279,0.795141111,0.590282221
HRWPrelim_2022_BLAVA,Block,Test_weight,344.827,133.852,411.752,0.837,0.720372558,0.062529919,0.910409419,0.820818838
HRWPrelim_2022_BLAVA,Block+Spatial,Test_weight,345.435,131.772,411.321,0.84,0.972298792,0.25870826,0.910621433,0.821242867
HRWPrelim_2022_BLAVA,Block,Plant_height,29.634,16.729,37.999,0.78,0.63917431,0.077350387,0.880323101,0.760646202
HRWPrelim_2022_BLAVA,Block+Spatial,Plant_height,29.302,15.95,37.277,0.786,0.870753938,0.314305371,0.879169716,0.758339433
HRWPrelim_2022_BLAVA,Block,Grain_Yield,199387.347,123500.862,261137.779,0.764,0.61751201,0.079649671,0.875609044,0.751218087
HRWPrelim_2022_BLAVA,Block+Spatial,Grain_Yield,196105.743,116595.677,254403.581,0.771,0.851538539,0.314811449,0.87402071,0.74804142
Org_Dan_21,Block,Test_weight,1059.127,48.068,1075.149,0.985,0.956585358,0.010304254,0.982737227,0.965474455
Org_Dan_21,Block+Spatial,Test_weight,1057.327,39.684,1070.555,0.988,0.963803256,0.031118224,0.982940721,0.965881441
Org_Dan_21,Block,Plant_height,24.48,4.695,26.045,0.94,0.839088058,0.035063147,0.961239765,0.922479529
Org_Dan_21,Block+Spatial,Plant_height,24.39,2.094,25.088,0.972,0.670486919,0.086432224,0.968051747,0.936103493
Org_Dan_21,Block,Grain_Yield,114764.208,181149.41,175147.344,0.655,0.387830098,0.086150105,0.828123485,0.656246971
Org_Dan_21,Block+Spatial,Grain_Yield,81932.798,104693.661,116830.685,0.701,0.170532589,0.068205292,0.807011238,0.614022475
Pr_Neo_21,Block,Test_weight,159.518,26.261,164.77,0.968,0.858642233,0.022458111,0.937025009,0.874050018
Pr_Neo_21,Block+Spatial,Test_weight,167.811,9.817,169.774,0.988,0.686697477,0.063602007,0.961846635,0.923693271
Pr_Neo_21,Block,Plant_height,9.727,20.001,13.727,0.709,0.327201728,0.085813597,0.689809549,0.379619098
Pr_Neo_21,Block+Spatial,Plant_height,9.641,19.463,13.533,0.712,0.765754422,0.275448276,0.68891116,0.377822321
Pr_Neo_21,Block,Grain_Yield,87577.299,194920.584,126561.416,0.692,0.310010462,0.088183384,0.678932304,0.357864608
Pr_Neo_21,Block+Spatial,Grain_Yield,87576.913,194920.758,126561.064,0.692,1,0.428149187,0.678931678,0.357863355
Pr_Urb_21,Block,Test_weight,212.598,88.169,256.682,0.828,0.706852789,0.028458364,0.91168552,0.82337104
Pr_Urb_21,Block+Spatial,Test_weight,213.288,72.815,249.695,0.854,0.754127986,0.073292521,0.919334862,0.838669725
Pr_Urb_21,Block,Plant_height,15.885,10.603,21.187,0.75,0.599701496,0.036520698,0.87179063,0.743581261
Pr_Urb_21,Block+Spatial,Plant_height,15.462,8.669,19.797,0.781,0.537546925,0.082665324,0.878568377,0.757136754
Pr_Urb_21,Block,Grain_Yield,45041.315,234900.681,162491.655,0.277,0.160895169,0.055669457,0.636685529,0.273371057
Pr_Urb_21,Block+Spatial,Grain_Yield,49438.295,199845.264,149360.927,0.331,0.212799707,0.076651136,0.656041622,0.312083245
UCD22010,Block,Test_weight,1.175,0.509,1.26,0.933,0.697799688,0.071699635,0.946964989,0.893929978
UCD22010,Block+Spatial,Test_weight,1.187,0.415,1.257,0.945,0.733360008,0.155237644,0.948787469,0.897574938
UCD22010,Block,Plant_height,39.531,5.008,40.365,0.979,0.887562487,0.032284512,0.969752591,0.939505182
UCD22010,Block+Spatial,Plant_height,39.531,5.008,40.366,0.979,1,0.066433937,0.969752631,0.939505261
UCD22010,Block,Grain_Yield,676847.511,145604.984,701115.009,0.965,0.822962438,0.047835618,0.962859893,0.925719787
UCD22010,Block+Spatial,Grain_Yield,686372.173,93807.947,702006.831,0.978,0.740718378,0.102482867,0.965262749,0.930525497
UCD22210,Block,Test_weight,2.052,0.124,2.073,0.99,0.943114377,0.017143203,0.975171387,0.950342775
UCD22210,Block+Spatial,Test_weight,2.036,0.098,2.053,0.992,0.947125007,0.038208682,0.975414105,0.950828209
UCD22210,Block,Plant_height,9.332,5.452,10.241,0.911,0.631200439,0.080967239,0.936596102,0.873192203
UCD22210,Block+Spatial,Plant_height,9.363,4.531,10.118,0.925,0.675330291,0.186644101,0.937977753,0.875955506
UCD22210,Block,Grain_Yield,605350.981,428427.004,676755.482,0.894,0.585571554,0.085954386,0.928476456,0.856952911
UCD22210,Block+Spatial,Grain_Yield,629772.282,248895.466,671254.859,0.938,0.436890281,0.12316506,0.938082045,0.876164089
UCD22TS-GH20Su-Q,Block,Test_weight,5.021,0.052,5.073,0.99,0.989709874,0.003566683,0.99167406,0.983348121
UCD22TS-GH20Su-Q,Block+Spatial,Test_weight,4.851,0,4.851,1,0.943686562,0.031159823,0.993135953,0.986271907
UCD22TS-GH20Su-Q,Block,Plant_height,35.039,6.443,41.482,0.845,0.844684839,0.048761484,0.920973677,0.841947353
UCD22TS-GH20Su-Q,Block+Spatial,Plant_height,35.032,6.334,41.366,0.847,0.98617488,0.176486978,0.92093035,0.841860701
UCD22TS-GH20Su-Q,Block,Grain_Yield,811416.078,708656.18,1520072.258,0.534,0.533800991,0.145817241,0.762652369,0.525304738
UCD22TS-GH20Su-Q,Block+Spatial,Grain_Yield,768473.416,553507.407,1321980.823,0.581,0.426909892,0.14868297,0.760262477,0.520524954
UniformScab_2022_WARVA,Block,Test_weight,655.912,93.089,702.457,0.934,0.875715294,0.057378949,0.935170681,0.870341362
UniformScab_2022_WARVA,Block+Spatial,Test_weight,638.187,22.055,649.215,0.983,0.619495473,0.166729347,0.937493189,0.874986379
UniformScab_2022_WARVA,Block,Plant_height,25.833,8.937,30.302,0.853,0.742956912,0.121726061,0.86303968,0.726079359
UniformScab_2022_WARVA,Block+Spatial,Plant_height,25.39,8.271,29.525,0.86,0.820673689,0.39409396,0.857725742,0.715451484
UniformScab_2022_WARVA,Block,Grain_Yield,630889.428,80217.442,670998.149,0.94,0.887193549,0.053935599,0.934646269,0.869292538
UniformScab_2022_WARVA,Block+Spatial,Grain_Yield,625597.771,6821.945,629008.744,0.995,0.614278855,0.154582576,0.9422139,0.884427799
YR2-1_2021_Wooster,Block,Test_weight,0,511.526,511.526,0,0,0.307468637,NA,NA
YR2-1_2021_Wooster,Block+Spatial,Test_weight,0,511.523,511.523,0,NA,NA,NA,NA
YR2-1_2021_Wooster,Block,Plant_height,86.623,10.986,97.609,0.887,0.88745195,0.061709431,0.938022415,0.87604483
YR2-1_2021_Wooster,Block+Spatial,Plant_height,87.816,3.414,91.23,0.963,0.749438812,0.160903227,0.951704847,0.903409695
YR2-1_2021_Wooster,Block,Grain_Yield,146697.765,261429.441,408127.205,0.359,0.359441279,0.314518743,0.680877461,0.361754923
YR2-1_2021_Wooster,Block+Spatial,Grain_Yield,149333.502,239598.544,388932.046,0.384,0.622144262,0.417991788,0.685124634,0.370249267
YR2-2_2021_Wooster,Block,Test_weight,0,707.437,707.437,0,0,0.305107525,NA,NA
YR2-2_2021_Wooster,Block+Spatial,Test_weight,0,703.445,703.445,0,0,12.16364714,NA,NA
YR2-2_2021_Wooster,Block,Plant_height,71.914,22.597,94.511,0.761,0.760903942,0.125670343,0.876827314,0.753654628
YR2-2_2021_Wooster,Block+Spatial,Plant_height,73.906,17.172,91.078,0.811,0.797639456,0.243189787,0.887239224,0.774478448
YR2-2_2021_Wooster,Block,Grain_Yield,251463.311,143178.203,394641.514,0.637,0.637194269,0.184944197,0.816601167,0.633202334
YR2-2_2021_Wooster,Block+Spatial,Grain_Yield,220909.55,141959.105,362868.655,0.609,0.624012768,0.262184917,0.785360561,0.570721121
Adv_Neo_21,Block,Test_weight,150.754,167.13,184.18,0.819,0.474242614,0.059677116,0.816897349,0.633794698
Adv_Neo_21,Block+Spatial,Test_weight,150.959,86.195,168.198,0.898,0.213053997,0.046671522,0.853469417,0.706938833
Adv_Neo_21,Block,Plant_height,19.967,11.124,22.191,0.9,0.642205618,0.045132857,0.886556523,0.773113045
Adv_Neo_21,Block+Spatial,Plant_height,19.776,7.097,21.195,0.933,0.489337131,0.084899668,0.903240119,0.806480239
Adv_Neo_21,Block,Grain_Yield,47741.089,329310.518,113603.193,0.42,0.126616856,0.075734903,0.610255579,0.220511158
Adv_Neo_21,Block+Spatial,Grain_Yield,62994.702,245933.426,112181.388,0.562,0.160033438,0.075225319,0.652108284,0.304216568
Adv_Urb_21,Block,Test_weight,93.457,1541.277,401.712,0.233,0.057169536,0.076182606,0.553325652,0.106651304
Adv_Urb_21,Block+Spatial,Test_weight,95.807,1475.66,390.939,0.245,0.228043175,0.281982953,0.55514361,0.110287219
Adv_Urb_21,Block,Plant_height,16.525,6.517,17.829,0.927,0.717174577,0.037261911,0.913422909,0.826845818
Adv_Urb_21,Block+Spatial,Plant_height,16.576,5.744,17.725,0.935,0.784479477,0.104563857,0.916394143,0.832788286
Adv_Urb_21,Block,Grain_Yield,97790.885,158023.811,129395.647,0.756,0.38227235,0.065444621,0.773045855,0.54609171
Adv_Urb_21,Block+Spatial,Grain_Yield,97954.609,131376.229,124229.855,0.788,0.439502769,0.125760101,0.78426016,0.568520321
AYTRed_2021_Mason,Block,Test_weight,486.06,259.087,615.604,0.79,0.652300597,0.055181936,0.889212011,0.778424022
AYTRed_2021_Mason,Block+Spatial,Test_weight,499.992,220.574,610.279,0.819,0.749618151,0.160403617,0.895527178,0.791054356
AYTRed_2021_Mason,Block,Plant_height,37.368,12.243,43.49,0.859,0.753222454,0.041718405,0.923433624,0.846867247
AYTRed_2021_Mason,Block+Spatial,Plant_height,36.438,3.323,38.099,0.956,0.456049356,0.070006011,0.956485167,0.912970335
AYTRed_2021_Mason,Block,Grain_Yield,226887.035,54555.609,254164.84,0.893,0.806157277,0.033751716,0.940294737,0.880589474
AYTRed_2021_Mason,Block+Spatial,Grain_Yield,1.00261E+12,0.006,1.00261E+12,1,0.667455493,1.0357427800693e-33,0.99553895,0.9910779
AYTWhite_2021_Mason,Block,Test_weight,233.9,312.757,390.278,0.599,0.42787322,0.109773096,0.788886472,0.577772944
AYTWhite_2021_Mason,Block+Spatial,Test_weight,236.747,303.715,388.605,0.609,0.868606657,0.689519204,0.790996893,0.581993787
AYTWhite_2021_Mason,Block,Plant_height,32.277,11.521,38.037,0.849,0.736950554,0.06138572,0.912451453,0.824902906
AYTWhite_2021_Mason,Block+Spatial,Plant_height,32.179,3.212,33.785,0.952,0.433364464,0.095633731,0.938892126,0.877784252
AYTWhite_2021_Mason,Block,Grain_Yield,371908.65,15240.308,379528.804,0.98,0.960634512,0.010296183,0.980901304,0.961802608
AYTWhite_2021_Mason,Block+Spatial,Grain_Yield,380633.086,40.96,380653.565,1,0.866245686,0.032715847,0.990356173,0.980712345
DH_Neo_21,Block,Test_weight,182.496,93.168,195.805,0.932,0.662022097,0.161022121,0.819680768,0.639361535
DH_Neo_21,Block+Spatial,Test_weight,133.723,38.243,139.187,0.961,0.21802035,0.090225991,0.790676601,0.581353203
DH_Neo_21,Block,Plant_height,58.86,16.695,61.245,0.961,0.779034226,0.108134176,0.874627173,0.749254345
DH_Neo_21,Block+Spatial,Plant_height,41.15,0,41.15,1,0.211194224,0.065017544,0.865399545,0.73079909
DH_Neo_21,Block,Grain_Yield,119613.075,226443.688,151962.173,0.787,0.345645823,0.264172828,0.667486066,0.334972132
DH_Neo_21,Block+Spatial,Grain_Yield,141851.175,10869.138,143403.909,0.989,0.133357945,0.05099343,0.810283833,0.620567667
DH2_Urb_21,Block,Test_weight,174.91,155.46,197.119,0.887,0.529436178,0.203830708,0.762936201,0.525872401
DH2_Urb_21,Block+Spatial,Test_weight,173.385,26.386,177.155,0.979,0.246706326,0.095139292,0.813652219,0.627304437
DH2_Urb_21,Block,Plant_height,5.425,32.957,10.133,0.535,0.141339575,0.197395397,0.570580572,0.141161143
DH2_Urb_21,Block+Spatial,Plant_height,19.746,6.742,20.709,0.953,0.226384346,0.107059553,0.766294232,0.532588463
DH2_Urb_21,Block,Grain_Yield,134146.114,317524.838,179506.805,0.747,0.296999648,0.269987753,0.646029164,0.292058328
DH2_Urb_21,Block+Spatial,Grain_Yield,117469.216,118073.702,134336.887,0.874,0.113091613,0.090147939,0.663001394,0.326002787
Jessica_2022_BLAVA,Block,Test_weight,164.737,134.579,232.027,0.71,0.550378852,0.073317612,0.79625608,0.59251216
Jessica_2022_BLAVA,Block+Spatial,Test_weight,164.25,119.083,223.791,0.734,0.671631495,0.162255084,0.799048282,0.598096563
Jessica_2022_BLAVA,Block,Plant_height,18.906,11.537,24.675,0.766,0.621033376,0.064005177,0.827418987,0.654837975
Jessica_2022_BLAVA,Block+Spatial,Plant_height,18.483,3.849,20.408,0.906,0.332711257,0.060424239,0.884784132,0.769568265
Jessica_2022_BLAVA,Block,Grain_Yield,123329.359,191072.694,218865.706,0.563,0.392266393,0.092896393,0.717983146,0.435966291
Jessica_2022_BLAVA,Block+Spatial,Grain_Yield,129319.704,125314.119,191976.764,0.674,0.29959595,0.082654212,0.749883303,0.499766606
Jessica_2022_WARVA,Block,Plant_height,13.654,7.918,17.613,0.775,0.632958403,0.061314612,0.834687719,0.669375438
Jessica_2022_WARVA,Block+Spatial,Plant_height,12.994,6.628,16.308,0.797,0.616717764,0.130222147,0.832541057,0.665082114
Jessica_2022_WARVA,Block,Grain_Yield,351071.611,34927.511,368535.367,0.953,0.909514014,0.016140019,0.957943112,0.915886224
Jessica_2022_WARVA,Block+Spatial,Grain_Yield,344504.524,16584.782,352796.915,0.976,0.785623274,0.061655429,0.96603419,0.93206838
MasonDixon_2022_BLAVA,Block,Test_weight,199.676,265.911,332.632,0.6,0.428869889,0.097140082,0.781942574,0.563885148
MasonDixon_2022_BLAVA,Block+Spatial,Test_weight,174.605,211.326,280.268,0.623,0.335618697,0.150404678,0.768296528,0.536593056
MasonDixon_2022_BLAVA,Block,Plant_height,16.233,20.44,26.453,0.614,0.442638396,0.09258681,0.79674721,0.593494421
MasonDixon_2022_BLAVA,Block+Spatial,Plant_height,16.116,16.518,24.375,0.661,0.453982573,0.197643986,0.801301344,0.602602688
MasonDixon_2022_BLAVA,Block,Grain_Yield,416584.976,206687.141,519928.547,0.801,0.668383784,0.063712744,0.890078553,0.780157105
MasonDixon_2022_BLAVA,Block+Spatial,Grain_Yield,375616.373,114416.445,432824.595,0.868,0.44144467,0.114136018,0.895887021,0.791774042
MasonDixon_2022_WARVA,Block,Test_weight,852.97,68.836,887.388,0.961,0.925325219,0.01648825,0.967506617,0.935013234
MasonDixon_2022_WARVA,Block+Spatial,Test_weight,849.116,61.912,880.072,0.965,0.958899735,0.069781893,0.967506917,0.935013834
MasonDixon_2022_WARVA,Block,Plant_height,28.568,6.251,31.693,0.901,0.820461009,0.037240788,0.942194364,0.884388728
MasonDixon_2022_WARVA,Block+Spatial,Plant_height,28.113,3.055,29.64,0.948,0.622992437,0.104071488,0.949662485,0.89932497
MasonDixon_2022_WARVA,Block,Grain_Yield,513530.499,89553.628,558307.313,0.92,0.851507237,0.031423054,0.951396335,0.90279267
MasonDixon_2022_WARVA,Block+Spatial,Grain_Yield,552340.651,22304.849,563493.076,0.98,0.617077115,0.078826948,0.96833252,0.93666504
OWW_2020_MAD,Block,Test_weight,1.82,0.478,1.979,0.919,0.79189455,0.057398639,0.939652422,0.879304843
OWW_2020_MAD,Block+Spatial,Test_weight,1.747,0.082,1.774,0.985,0.479014947,0.106748553,0.952510994,0.905021989
OWW_2020_MAD,Block,Plant_height,72.211,93.606,103.413,0.698,0.435488445,0.104507293,0.844877998,0.689755996
OWW_2020_MAD,Block+Spatial,Plant_height,69.005,73.429,93.482,0.738,0.414329064,0.237095579,0.843602418,0.687204835
OWW_2020_MAD,Block,Grain_Yield,67745.261,369292.71,190842.831,0.355,0.155010012,0.099767813,0.685111049,0.370222097
OWW_2020_MAD,Block+Spatial,Grain_Yield,49846.849,192592.441,114044.329,0.437,0.053278456,0.043623717,0.668915308,0.337830616
PYT1_2021_Mason,Block,Test_weight,428.711,251.281,554.351,0.773,0.630464411,0.061996495,0.879051199,0.758102398
PYT1_2021_Mason,Block+Spatial,Test_weight,429.111,154.629,506.426,0.847,0.511638793,0.109437329,0.896590856,0.793181712
PYT1_2021_Mason,Block,Plant_height,23.989,20.747,34.363,0.698,0.536238606,0.073187142,0.844879214,0.689758428
PYT1_2021_Mason,Block+Spatial,Plant_height,29.145,6.113,32.201,0.905,0.424437688,0.083091154,0.927460247,0.854920494
PYT1_2021_Mason,Block,Grain_Yield,317142.756,7281.006,320783.259,0.989,0.977557113,0.004565945,0.989047943,0.978095885
PYT1_2021_Mason,Block+Spatial,Grain_Yield,311011.023,1645.97,311834.008,0.997,0.939653919,0.017065403,0.992459607,0.984919214
PYT2_2021_Mason,Block,Test_weight,1166.751,282.705,1308.104,0.892,0.804958006,0.037016783,0.938328688,0.876657376
PYT2_2021_Mason,Block+Spatial,Test_weight,1175.519,263.245,1307.141,0.899,0.930156498,0.115562621,0.939354003,0.878708006
PYT2_2021_Mason,Block,Plant_height,41.687,9.287,46.33,0.9,0.817803802,0.034574183,0.943126681,0.886253363
PYT2_2021_Mason,Block+Spatial,Plant_height,32.887,3.682,34.727,0.947,0.457456446,0.079225774,0.951588864,0.903177727
PYT2_2021_Mason,Block,Grain_Yield,376636.086,1871.134,377571.654,0.998,0.995056542,0.001025986,0.993495613,0.986991226
PYT2_2021_Mason,Block+Spatial,Grain_Yield,370145.524,0.001,370145.525,1,0.972292586,0.00436946,0.994791658,0.989583317
PYT3_2021_Mason,Block,Test_weight,527.018,144.991,599.513,0.879,0.784242878,0.039892818,0.934470334,0.868940668
PYT3_2021_Mason,Block+Spatial,Test_weight,515.816,114.702,573.166,0.9,0.787607377,0.113045649,0.936602635,0.873205271
PYT3_2021_Mason,Block,Plant_height,30.552,15.266,38.185,0.8,0.666806329,0.057754572,0.893757997,0.787515994
PYT3_2021_Mason,Block+Spatial,Plant_height,26.879,5.282,29.52,0.911,0.362584733,0.075272876,0.927926125,0.855852249
PYT3_2021_Mason,Block,Grain_Yield,266916.689,1820.756,267827.067,0.997,0.993224779,0.00140092,0.993035097,0.986070195
PYT3_2021_Mason,Block+Spatial,Grain_Yield,266693.582,0,266693.582,1,0.939330185,0.009184683,0.994791664,0.989583327
SRWObs_2022_BLAVA,Block,Test_weight,295.278,123.579,336.471,0.878,0.704961232,0.114937707,0.851831459,0.703662917
SRWObs_2022_BLAVA,Block+Spatial,Test_weight,289.592,118.982,329.252,0.88,0.862098381,0.109739283,0.846961005,0.693922009
SRWObs_2022_BLAVA,Block,Plant_height,29.31,8.177,32.036,0.915,0.781882278,0.087394492,0.889486871,0.778973741
SRWObs_2022_BLAVA,Block+Spatial,Plant_height,29.813,3.926,31.122,0.958,0.617088325,0.083044767,0.918479975,0.836959951
SRWObs_2022_BLAVA,Block,Grain_Yield,216427.22,166729.594,272003.752,0.796,0.564852855,0.165203635,0.782895576,0.565791152
SRWObs_2022_BLAVA,Block+Spatial,Grain_Yield,228115.326,123124.293,269156.757,0.848,0.602053689,0.111441896,0.809849702,0.619699404
SRWObs_2022_WARVA,Block,Test_weight,446.64,279.259,539.727,0.828,0.615292247,0.127476382,0.806814123,0.613628246
SRWObs_2022_WARVA,Block+Spatial,Test_weight,480.039,220.204,553.44,0.867,0.782077419,0.110794481,0.832791546,0.665583093
SRWObs_2022_WARVA,Block,Plant_height,27.957,6.885,30.252,0.924,0.802397346,0.068087926,0.898040642,0.796081285
SRWObs_2022_WARVA,Block+Spatial,Plant_height,30.171,2.316,30.943,0.975,0.673342726,0.079831227,0.941042845,0.882085689
SRWObs_2022_WARVA,Block,Grain_Yield,394599.933,71013.027,418270.942,0.943,0.847484857,0.052482821,0.920991723,0.841983445
SRWObs_2022_WARVA,Block+Spatial,Grain_Yield,384682.514,36604.065,396883.869,0.969,0.639733292,0.078415927,0.932911478,0.865822956
SRWPrelim_2022_BLAVA,Block,Test_weight,258.814,80.445,299.036,0.865,0.762880422,0.033284954,0.928740184,0.857480367
SRWPrelim_2022_BLAVA,Block+Spatial,Test_weight,263.27,51.358,288.949,0.911,0.584691268,0.080815333,0.939033557,0.878067113
SRWPrelim_2022_BLAVA,Block,Plant_height,20.545,8.524,24.807,0.828,0.706772906,0.039935931,0.909753929,0.819507857
SRWPrelim_2022_BLAVA,Block+Spatial,Plant_height,20.488,4.482,22.729,0.901,0.510243911,0.078018233,0.931344248,0.862688495
SRWPrelim_2022_BLAVA,Block,Grain_Yield,239649.894,153786.207,316542.997,0.757,0.609120244,0.05016921,0.874295683,0.748591366
SRWPrelim_2022_BLAVA,Block+Spatial,Grain_Yield,256813.126,70774.13,292200.191,0.879,0.437195627,0.075625391,0.916618228,0.833236455
SRWPrelim_2022_WARVA,Block,Test_weight,287.787,25.906,300.74,0.957,0.917415561,0.01267705,0.971740489,0.943480978
SRWPrelim_2022_WARVA,Block+Spatial,Test_weight,284.012,19.965,293.994,0.966,0.894986433,0.043602534,0.973047761,0.946095522
SRWPrelim_2022_WARVA,Block,Plant_height,18.926,7.198,22.525,0.84,0.724467427,0.037946675,0.915509017,0.831018034
SRWPrelim_2022_WARVA,Block+Spatial,Plant_height,20.342,2.925,21.805,0.933,0.516172945,0.0697049,0.949269037,0.898538075
SRWPrelim_2022_WARVA,Block,Grain_Yield,354078.629,72949.907,390553.582,0.907,0.829168543,0.024979222,0.948877978,0.897755956
SRWPrelim_2022_WARVA,Block+Spatial,Grain_Yield,342540.258,35163.895,360122.205,0.951,0.644624123,0.067615587,0.96240462,0.92480924
StateWheat_2022_BLAVA,Block,Test_weight,247.784,31.815,255.738,0.969,0.886211122,0.014020734,0.98098983,0.961979659
StateWheat_2022_BLAVA,Block+Spatial,Test_weight,245.998,23.522,251.879,0.977,0.828937025,0.039641872,0.983309968,0.966619935
StateWheat_2022_BLAVA,Block,Plant_height,22.561,9.542,24.947,0.904,0.702777541,0.031137049,0.948635095,0.897270191
StateWheat_2022_BLAVA,Block+Spatial,Plant_height,21.564,5.213,22.868,0.943,0.483525075,0.059747736,0.963111547,0.926223094
StateWheat_2022_BLAVA,Block,Grain_Yield,222128.583,284463.609,293244.486,0.757,0.438476129,0.043865236,0.875270703,0.750541407
StateWheat_2022_BLAVA,Block+Spatial,Grain_Yield,235694.186,148641.262,272854.501,0.864,0.254503274,0.045669273,0.918178685,0.83635737
UE_Neo_21,Block,Test_weight,439.852,147.595,489.05,0.899,0.748752182,0.063801608,0.934708034,0.869416067
UE_Neo_21,Block+Spatial,Test_weight,445.592,130.898,489.225,0.911,0.79325534,0.197446167,0.936286677,0.872573355
UE_Neo_21,Block,Plant_height,31.982,13.583,36.509,0.876,0.70189251,0.072854248,0.923268541,0.846537082
UE_Neo_21,Block+Spatial,Plant_height,30.776,9.29,33.873,0.909,0.409771858,0.127696387,0.928189242,0.856378483
UE_Neo_21,Block,Grain_Yield,266292.923,153488.553,317455.774,0.839,0.634360824,0.084456779,0.904723853,0.809447707
UE_Neo_21,Block+Spatial,Grain_Yield,261173.441,66116.868,283212.397,0.922,0.260236798,0.088271032,0.930130576,0.860261152
YR3_2021_Wooster,Block,Test_weight,37.964,432.267,254.098,0.149,0.080735212,0.101011794,0.572714585,0.145429169
YR3_2021_Wooster,Block+Spatial,Test_weight,37.962,432.269,254.097,0.149,1,3.407514914,0.572710902,0.145421804
YR3_2021_Wooster,Block,Plant_height,118.798,13.488,125.542,0.946,0.898041371,0.01991193,0.966697297,0.933394593
YR3_2021_Wooster,Block+Spatial,Plant_height,119.287,10.39,124.482,0.958,0.87893641,0.066523345,0.968496177,0.936992355
YR3_2021_Wooster,Block,Grain_Yield,90878.808,315028.084,248392.85,0.366,0.223890774,0.09829877,0.67659948,0.35319896
YR3_2021_Wooster,Block+Spatial,Grain_Yield,98941.531,234602.7,216242.881,0.458,0.209684328,0.101192058,0.701018021,0.402036041
YR4_2021_Wooster,Block,Test_weight,140.552,256.581,204.697,0.687,0.353916381,0.110876887,0.829583962,0.659167925
YR4_2021_Wooster,Block+Spatial,Test_weight,136.126,245.607,197.528,0.689,0.702941286,0.482798568,0.826739595,0.653479191
YR4_2021_Wooster,Block,Plant_height,52.843,12.166,55.885,0.946,0.812857396,0.053761943,0.95380383,0.90760766
YR4_2021_Wooster,Block+Spatial,Plant_height,52.843,12.166,55.885,0.946,1,0.109302229,0.9538037,0.9076074
YR4_2021_Wooster,Block,Grain_Yield,216704.473,215047.169,270466.266,0.801,0.50191928,0.104020541,0.884588248,0.769176496
YR4_2021_Wooster,Block+Spatial,Grain_Yield,216324.302,212114.98,269353.047,0.803,0.942230437,0.419703307,0.884622738,0.769245476
YT_Neo_22,Block,Test_weight,192.376,31.273,208.012,0.925,0.860169683,0.014736523,0.941748875,0.88349775
YT_Neo_22,Block+Spatial,Test_weight,190.251,20.162,200.331,0.95,0.747228521,0.050243068,0.952873419,0.905746838
YT_Neo_22,Block,Plant_height,14.997,14.957,22.475,0.667,0.500655883,0.046228255,0.782413299,0.564826598
YT_Neo_22,Block+Spatial,Plant_height,10.932,5.487,13.676,0.799,0.155787529,0.025769531,0.835843163,0.671686326
YT_Neo_22,Block,Grain_Yield,129227.486,163097.946,210776.459,0.613,0.442067203,0.050167687,0.754091399,0.508182799
YT_Neo_22,Block+Spatial,Grain_Yield,116213.869,60195.841,146311.789,0.794,0.144491365,0.024064852,0.832392292,0.664784585
YT_Urb_22,Block,Test_weight,164.667,37.574,183.454,0.898,0.814212836,0.017558086,0.914280467,0.828560933
YT_Urb_22,Block+Spatial,Test_weight,167.881,20.793,178.278,0.942,0.725456722,0.04735488,0.942054922,0.884109844
YT_Urb_22,Block,Plant_height,16.034,16.444,24.257,0.661,0.493690459,0.043842064,0.762169597,0.524339195
YT_Urb_22,Block+Spatial,Plant_height,15.582,13.423,22.294,0.699,0.398613066,0.05760548,0.774033357,0.548066713
YT_Urb_22,Block,Grain_Yield,211062.556,127441.177,274783.144,0.768,0.623516185,0.034132814,0.824707001,0.649414001
YT_Urb_22,Block+Spatial,Grain_Yield,192231.579,86797.661,235630.409,0.816,0.304605034,0.041265203,0.842511716,0.685023432